actual,predicted,count
AUDIT_RECENT,AUDIT_RECENT,5
AUDIT_RECENT,BOOKINGS_TODAY,1
BOOKINGS_TODAY,BOOKINGS_TODAY,4
BOOKINGS_TODAY,REPORT_SERVICE,1
BOOKING_AVAILABILITY,BOOKING_AVAILABILITY,7
BOOKING_CANCEL,BOOKING_CANCEL,6
BOOKING_CANCEL,FAQ_CANCEL_POLICY,1
BOOKING_CREATE,BOOKING_CREATE,8
BRANCH_INFO,BRANCH_INFO,5
BRANCH_INFO,OPERATING_HOURS,1
CHECKINS_REJECTED,CHECKINS_REJECTED,5
CONFIRM_NO,CONFIRM_NO,5
CONFIRM_YES,CONFIRM_YES,5
FAQ_BOOKING_RULES,FAQ_BOOKING_RULES,5
FAQ_BOOKING_RULES,FAQ_CHECKIN_REJECTED,1
FAQ_BUY_PLAN_HOWTO,FAQ_BUY_PLAN_HOWTO,2
FAQ_BUY_PLAN_HOWTO,LIST_PLANS,1
FAQ_BUY_PLAN_HOWTO,OUT_OF_SCOPE,2
FAQ_BUY_PLAN_HOWTO,PLAN_DETAIL,1
FAQ_CANCEL_POLICY,FAQ_CANCEL_POLICY,6
FAQ_CHECKIN_HOWTO,FAQ_CHECKIN_HOWTO,6
FAQ_CHECKIN_REJECTED,FAQ_CHECKIN_REJECTED,4
FAQ_CHECKIN_REJECTED,LIST_PLANS,1
FAQ_CHECKIN_REJECTED,OUT_OF_SCOPE,1
FAQ_QR_HOWTO,FAQ_QR_HOWTO,6
GOODBYE,GOODBYE,4
GREETING,GREETING,1
GREETING,OUT_OF_SCOPE,1
HELP,HELP,4
HELP,OUT_OF_SCOPE,1
LIST_FACILITIES,LIST_FACILITIES,4
LIST_FACILITIES,LIST_PRODUCTS,1
LIST_PLANS,LIST_PLANS,5
LIST_PLANS,PLAN_RECOMMEND,1
LIST_PRODUCTS,LIST_PRODUCTS,5
LIST_SERVICES,BRANCH_INFO,2
LIST_SERVICES,LIST_SERVICES,3
LOW_STOCK,LOW_STOCK,4
LOW_STOCK,REPORT_SERVICE,1
MY_BOOKINGS,BOOKINGS_TODAY,1
MY_BOOKINGS,MY_BOOKINGS,4
MY_CHECKINS,MY_CHECKINS,5
MY_MEMBERSHIP,MY_MEMBERSHIP,7
MY_ORDERS,LIST_PRODUCTS,1
MY_ORDERS,MY_ORDERS,4
OPERATING_HOURS,BRANCH_INFO,1
OPERATING_HOURS,OPERATING_HOURS,5
OUT_OF_SCOPE,OUT_OF_SCOPE,26
PLAN_COMPARE,PLAN_COMPARE,4
PLAN_DETAIL,LIST_SERVICES,1
PLAN_DETAIL,PLAN_DETAIL,4
PLAN_RECOMMEND,PLAN_RECOMMEND,5
REPORT_DASHBOARD,REPORT_DASHBOARD,5
REPORT_REVENUE,REPORT_REVENUE,5
REPORT_SERVICE,BOOKING_AVAILABILITY,1
REPORT_SERVICE,REPORT_SERVICE,4
THANKS,THANKS,5
